<?xml version="1.0" encoding="UTF-8" standalone="yes"?>
<addon id="plugin.video.iplayerwww" name="iPlayer WWW" version="2.2.0" provider-name="CaptainT, Cas, ihurst, primaeval">
  <requires>
    <import addon="xbmc.python" version="2.19.0"/>
    <import addon="script.module.requests" version="2.7.0"/>
  </requires>
  <extension point="xbmc.python.pluginsource" library="default.py">
        <provides>audio video</provides>
  </extension>
  <extension point="xbmc.addon.metadata">
    <summary lang="en">TV and Radio from BBC iPlayer</summary>
    <description lang="en">This plugin enables playing of Live and Catchup TV (UK only) and Radio content (UK only or international) from the BBC iPlayer website.</description>
    <platform>all</platform>
    <license>GNU GENERAL PUBLIC LICENSE. Version 2, June 1991</license>
    <forum>http://forum.kodi.tv/showthread.php?tid=239378</forum>
    <website></website>
    <email></email>
    <source>https://github.com/vonH/plugin.video.iplayerwww</source>
  </extension>
</addon>
